english|mampulan|mampulan symbol|part of speech English|part of speech Mampula|definition|etymology|english example|mampulan example|see also||
water|awon|awon|noun|noun|(uncountable) A substance (of molecular formula H2O) found at room temperature and pressure as a clear liquid; it is present naturally as rain, and found in rivers, lakes and seas; its solid form is ice and its gaseous form is steam.|From Old Mampulan <i>hawon</i>|Water is essential to life on Earth.||||
earth|don|don|noun|noun|(uncountable) Soil|From Old Mampulan|||||
fire|apo|apo|noun|noun|A chemical reaction involving the bonding of oxygen with carbon or other fuel, with the production of heat and the presence of flame or smouldering.|From Old Mampulan|||||
air|her|her|noun|noun||From Old Mampulan|||||
stone|bato|bato|noun|noun||From Old Mampulan|||||
heart|pain|pain|noun|noun||From Old Mampulan|||||
blood|duko|duko|noun|noun||From Old Mampulan|||||
birth|bitan|bitan|noun|noun||From Old Mampulan|||||
death|mordon|mordon|noun|noun||From Old Mampulan|||||
person|wan|wan|noun|noun||From Old Mampulan|||||
thing|bu|bu|noun|noun||From Old Mampulan|||||
place|pein|pein|noun|noun||From Old Mampulan|||||
tree|denon|denon|noun|noun||From Old Mampulan|||||
run|takun|takun|verb|un verb||From Old Mampulan|||||
drink|irun|irun|verb|run verb||From Old Mampulan|||||
eat|kainun|kainun|verb|un verb||From Old Mampulan|||||
river|antak|antak|noun|noun||From Old Mampulan <i>awon</i> (&quot;water&quot;) + <i>takun</i> (&quot;to run&quot;)|||||
stream|awak|awak|noun|noun||From Old Mampulan <i>aunak</i> (&quot;river&quot;)|||||
flow|fou|fou|noun|noun||From Old Mampulan|||||
flow|fourun|fourun|verb|run verb||From Old Mampulan <i>fou</i> (&quot;flow&quot;)|||||
current|nagan|nagan|noun|noun||From Eagle Language <i>nagan</i> (&quot;flow&quot;)|||||
liquid|pal|pal|noun|noun||From Old Mampulan|||||
land|landon|landon|noun|noun||From Old Mampulan|||||
ground|lupan|lupan|noun|noun||From Old Mampulan|||||
soil|dommap|dommap|noun|noun||From Old Mampulan <i>don</i> (&quot;earth&quot;) + <i>mapa</i> from Eagle Language (&quot;earth&quot;)|||||
world|yon|yon|noun|noun||From Raccoon Language|||||
wolf|woun|woun|noun|noun||Possibly from sounds a wolf makes.|||||
dog|wano|wano|noun|noun||From <i>woun</i> (&quot;wolf&quot;)|||||
howl|wounun|wounun|verb|un verb||From Old Mampulan <i>woun</i> (&quot;wolf&quot;)|||||
dire|wounang|wounaq|adjective|ng adjective||From Old Mampulan <i>woun</i> (&quot;wolf&quot;)|||||
gobble|wonkainun|wonkainun|verb|un verb||From Old Mampulan <i>woun</i> (&quot;wolf&quot;) + <i>kainun</i> (&quot;to eat&quot;)|||||
silver|wounmedan|wounmedan|noun|noun||From Old Mampulan <i>woun</i> (&quot;wolf&quot;) + <i>medan</i> (&quot;metal&quot;)|||||
fang|pangil|paqil|noun|noun||From <i>Pangil</i>, the Wolf Legend of Mampulan|||||
strong|pangilang|paqilaq|adjective|ng adjective||From <i>Pangil</i>, the Wolf Legend of Mampulan. Displaced Old Mampulan word <i>fortanong</i>|||||
wise|pangung|paquq|adjective|ung adjective||From <i>Pangil</i>, the Wolf Legend of Mampulan|||||
strength|fortan|fortan|noun|noun||From Old Mampulan|||||
fox|tuman|tuman|noun|noun||From Old Mampulan|||||
cunning|tumaiteng|tumaiteq|adjective|ng adjective||From <i>tuman sa nite</i> (&quot;fox-like&quot;)|||||
guardian|tumawan|tumawan|noun|noun||From <i>tuman</i> (&quot;fox&quot;) + <i>wan</i> (&quot;person&quot;)|||||
clever|tumating|tumatiq|adjective|ng adjective||From <i>tuman</i> (&quot;fox&quot;) + <i>brain</i> (&quot;ati&quot;)|||||
benevolent|tumaniling|tumaniliq|adjective|ng adjective||From <i>tuman</i> (&quot;fox&quot;) + <i>hili</i> (&quot;wish&quot;)|||||
benevolence|tumanili|tumanili|noun|noun||From <i>tuman</i> (&quot;fox&quot;) + <i>hili</i> (&quot;wish&quot;)|||||
powder|prin|prin|noun|noun||From Old Mampulan|||||
phosphorus|tumanprin|tumanprin|noun|noun||From <i>tuman</i> (&quot;fox&quot;) + <i>prin</i> (&quot;powder&quot;)|||||
muzzle|nuslo|nuslo|noun|noun||From <i>Nuslo</i>, the Fox Legend of Mampulan|||||
raccoon|rouson|rouson|noun|noun||From Old Mampulan|||||
deception|rosonnas|rosonnas|noun|noun||From <i>rouson</i> (&quot;raccoon&quot;) + <i>-nas</i> (&quot;the state/quality/measure&quot;)|||||
sinister|padrousong|padrousoq|adjective|g adjective||From <i>padang rouson</i> (&quot;bad raccoon&quot;)|||||
write|sulun|sulun|verb|run verb||From Old Mampulan|||||
manuscript|rousonsho|rousonsho|noun|noun||From <i>rouson</i> (&quot;raccoon&quot;) + <i>sho</i> (&quot;to write&quot;)|||||
mask|taspan|taspan|noun|noun||From <i>Taspan</i>, the Raccoon Legend of Mampulan|||||
ear|orena|orena|noun|noun||From <i>Orena</i>, the Rabbit Legend of Mampulan|||||
shell|martan|martan|noun|noun||From <i>Martan</i>, the Turtle Legend of Mampulan|||||
muscle|fortorun|fortorun|noun|noun||From <i>Fortorun</i>, the Bear Legend of Mampulan|||||
roar|arār|ara-r|noun|noun||From <i>Arār</i>, the Lion Legend of Mampulan|||||
life|bitan|bitan|noun|noun||From Old Mampulan|||||
both|lin|lin|adjective|adjective||From Old Mampulan|||||
amphibian|linbitan|linbitan|noun|noun||From <i>lin</i> (&quot;both&quot;) + <i>bitan</i> (&quot;life&quot;)|||||
war|troun|troun|noun|noun||Foun Old Mampulan|||||
antebellum|trounbin|trounbin|noun|noun||From <i>troun</i> (&quot;war&quot;) + <i>bin</i> (&quot;before&quot;)|||||
study|garun|garun|verb|run verb||Foun Old Mampulan|||||
school|gapein|gapein|noun|noun||From <i>ga</i> (&quot;study&quot;) + <i>pein</i> (&quot;place&quot;)|||||
student|gawan|gawan|noun|noun||From <i>ga</i> (&quot;study&quot;) + <i>wan</i> (&quot;person&quot;)|||||
say|sabun|sabun|verb|un verb||From Old Mampulan|||||
contradict|fesabun|fesabun|verb|un verb||From <i>fe-</i> (&quot;against&quot;) + <i>sabun</i> (&quot;say&quot;)|||||
postbellum|trounpus|trounpus|noun|noun||From <i>troun</i> (&quot;war&quot;) + <i>pus</i> (&quot;after&quot;)|||||
post-war|trounpus|trounpus|noun|noun||From <i>troun</i> (&quot;war&quot;) + <i>pus</i> (&quot;after&quot;)|||||
hole|puna|puna|noun|noun||From Old Mampulan|||||
hollow|punong|punoq|adjective|ng adjective||Perhaps related to <i>puna</i> (&quot;hole&quot;)|||||
cave|tabana|tabana|noun|noun||From Old Mampulan|||||
cavity|puno|puno|noun|noun||Compare <i>puna</i> (&quot;hole&quot;)|||||
wind|panit|panit|noun|noun||From Old Mampulan|||||
color|klon|klon|noun|noun||From Old Mampulan|||||
nose|sano|sano|noun|noun||From Old Mampulan|||||
smell|sanwer|sanwer|noun|noun||From <i>sano</i> (&quot;nose&quot;) + <i>air</i> (&quot;her&quot;)|||||
odor|sanwer|sanwer|noun|noun||From <i>sano</i> (&quot;nose&quot;) + <i>air</i> (&quot;her&quot;)|||||
odorless|demsanwerung|demsanweruq|adjective|ung adjective||From <i>dem-</i> (&quot;without&quot;) + <i>sano</i> (&quot;nose&quot;) + <i>air</i> (&quot;her&quot;)|||||
colorless|demklong|demklonq|adjective|ung adjective||From <i>dem-</i> (&quot;without&quot;) + <i>klor</i> (&quot;color&quot;)|||||
heartless|dempaing|dempaiq|adjective|ng adjective||From <i>dem-</i> (&quot;without&quot;) + <i>pain</i> (&quot;heart&quot;)|||||
red|pung|puq|adjective|ng adjective||From Old Mampulan|||||
orange|ekang|ekaq|adjective|ng adjective||From Old Mampulan|||||
yellow|alang|alaq|adjective|ng adjective||From Old Mampulan|||||
green|lunung|lunuq|adjective|ng adjective||From Old Mampulan|||||
blue|bugung|buguq|adjective|ng adjective||From Old Mampulan|||||
indigo|inding|indiq|adjective|ng adjective||From Old Mampulan|||||
violet|baileng|baileq|adjective|ng adjective||From Old Mampulan|||||
black|kurong|kuroq|adjective|ng adjective||From Old Mampulan|||||
white|buting|butiq|adjective|ng adjective||From Old Mampulan|||||
pink|pinkung|pinkuq|adjective|ng adjective||From Human Language <i>pink</i>|||||
ash|oboun|oboun|noun|noun||From Old Mampulan|||||
gray|oboklong|obokloq|adjective|g adjective||From <i>oboun-</i> (&quot;ash&quot;) + <i>klon</i> (&quot;color&quot;)||oboun (ash) + klon (color)|||
smoke|kuwer|kuwer|noun|noun||From <i>kurong-</i> (&quot;black&quot;) + <i>her</i> (&quot;air&quot;)|||||
big|dang|daq|adjective|ng adjective||From Old Mampulan|||||
small|sung|suq|adjective|ng adjective||From Old Mampulan|||||
number|bil|bil|noun|noun||From Old Mampulan|||||
one|i|i|noun|noun||From Old Mampulan|||||
two|du|du|noun|noun||From Old Mampulan|||||
three|ma|ma|noun|noun||From Old Mampulan|||||
four|kor|kor|noun|noun||From Old Mampulan|||||
five|bel|bel|noun|noun||From Old Mampulan|||||
six|si|si|noun|noun||From Old Mampulan|||||
seven|po|po|noun|noun||From Old Mampulan|||||
eight|ei|ei|noun|noun||From Old Mampulan|||||
nine|kas|kas|noun|noun||From Old Mampulan|||||
ten|te|te|noun|noun||From Old Mampulan|||||
hundred|che|che|noun|noun||From Old Mampulan|||||
thousand|teke|teke|noun|noun||From <i>te</i> (&quot;ten&quot;) + <i>che</i> (&quot;hundred&quot;)|||||
million|dake|dake|noun|noun||From <i>teke</i> (&quot;thousand&quot;)|||||
zero|sip|sip|noun|noun||From Old Mampulan|||||
other|tes|tes|adjective|special adjective||From Old Mampulan|||||
and|to|to|conjunction|conjunction||From Old Mampulan|||||
each other|ittes|ittes|pronoun|pronoun|To one another; one to the other; signifies that a verb applies to two or more entities both as subjects and as direct objects:|From <i>I to tes</i> (&quot;one and other&quot;)|||one another||
one another|ittes|ittes|pronoun|pronoun|To one another; one to the other; signifies that a verb applies to two or more entities both as subjects and as direct objects:|From <i>I to tes</i> (&quot;one and other&quot;)|||each other||
ex-|las-|las-|prefix|prefix||From <i>las</i> (&quot;out&quot;)|||||
exsanguination|lasduko|lasduko|noun|noun||From <i>las</i> (&quot;out&quot;) + <i>duko</i> (&quot;blood&quot;)|||||
effect|bisa|bisa|noun|noun||From Old Mampulan|||||
circle|blain|blain|noun|noun||From Old Mampulan|||||
around|blainnak|blainnak|preposition|preposition||From <i>blain</i> (&quot;circle&quot;)|||||
influence|bisain|bisain|noun|noun||From <i>bisa</i> (&quot;effect&quot;) + <i>en</i> (&quot;circle&quot;)|||||
nourish|rukun|rukun|verb|un verb||From Old Mampulan|||||
nourished|ruktung|ruktuq|adjective|g adjective||From <i>rukun</i> (&quot;to nourish&quot;) + <i>-tun</i> (&quot;present passive form&quot;)|||||
function|kinō|kino-|noun|noun||From <i>ki</i> (&quot;machine&quot;) + <i>nō</i> (&quot;function&quot;)|||||
form|let|let|noun|noun||From Old Mampulan|||||
practice|sanain|sanain|noun|noun||From Raccoon Language|||||
do|yarun|yarun|verb|run verb||From Old Mampulan|||||
bad|haitung|haituq|adjective|ung adjective||From Old Mampulan|||||
dystopia|haitpein|haitpein|noun|noun||From <i>hait-</i> (&quot;bad&quot;) + <i>pein</i> (&quot;place&quot;)|||||
malinfluence|haitbisain|haitbisain|noun|noun||From <i>hait-</i> (&quot;bad&quot;) + <i>bisaen</i> (&quot;influence&quot;)|||||
maleffect|haitbisa|haitbisa|noun|noun||From <i>hait-</i> (&quot;bad&quot;) + <i>bisa</i> (&quot;effect&quot;)|||||
malodor|haitsanwer|haitsanwer|noun|noun||From <i>hait-</i> (&quot;bad&quot;) + <i>sanwer</i> (&quot;odor&quot;)|||||
malnourished|haitruktung|haitruktuq|adjective|g adjective||From <i>hait-</i> (&quot;bad&quot;) + <i>ruktung</i> (&quot;nourished&quot;)|||||
malfunction|haitkinō|haitkino-|noun|noun||From <i>hait-</i> (&quot;bad&quot;) + <i>kinō</i> (&quot;function&quot;)|||||
malform|haitlet|haitlet|noun|noun||From <i>hait-</i> (&quot;bad&quot;) + <i>let</i> (&quot;form&quot;)|||||
malignant|haitshing|haitxiq|adjective|g adjective||From <i>hait-</i> (&quot;bad&quot;) + <i>shin</i> (&quot;state of&quot;)|||||
malpractice|haitsanain|haisanain|noun|noun||From <i>hait-</i> (&quot;bad&quot;) + <i>sanain</i> (&quot;practice&quot;)|||||
malefactor|haitwan|haitwan|noun|noun||From <i>hait-</i> (&quot;bad&quot;) + <i>wan</i> (&quot;person&quot;)|||||
maleficent|haityang|haityaq|adjective|ng adjective||From <i>hait-</i> (&quot;bad&quot;) + <i>wan</i> (&quot;to do&quot;)|||||
know|nourun|nourun|verb|run verb||From Old Mampulan|||||
be|ten|ten|verb|irregular verb||From Old Mampulan|||||
move|tounun|tounun|verb|un verb||From Old Mampulan|||||
animal|tounbu|tounbu|noun|noun||From <i>toun-</i> (&quot;move&quot;) + <i>bu</i> (&quot;thing&quot;)|||||
all|lat|lat||||From Old Mampulan|||||
omniscient|latnoung|latnouq|adjective|ng adjective||From <i>lat-</i> (&quot;all, omni-&quot;) + <i>nourun</i> (&quot;to know&quot;)|||||
omnipotent|latfortanong|latfortanoq|adjective|ng adjective||From <i>lat-</i> (&quot;all, omni-&quot;) + <i>fortanong</i> (&quot;Old Mampulan for strong&quot;)|||||
omnipresent|latbeng|latbeq|adjective|adjective||From <i>lat-</i> (&quot;all, omni-&quot;) + <i>be</i> (&quot;Old Mampulan for strong&quot;)|||||
omnipotence|latkatung|latkat-q|adjective|ung adjective||From <i>lat-</i> (&quot;all, omni-&quot;) + <i>kat</i> (&quot;can, able to do&quot;)|||||
omnivore|latkain tounbu|latkain tounbu|noun|noun||From <i>lat-</i> (&quot;all, omni-&quot;) + <i>kainun</i> (&quot;to eat&quot;) + <i>tounbu</i> (&quot;animal&quot;)|||||
cat|flis|flis|noun|noun||From Old Mampulan|||||
sit|zarun|zarun|verb|run verb||From Old Mampulan|||||
chair|zabu|zabu|noun|noun||From <i>zarun</i> (&quot;sit&quot;) + <i>bu</i> (&quot;thing&quot;)|||||
put|orun|orun|verb|run verb||From Old Mampulan|||||
table|obu|obu|noun|noun||From <i>orun</i> (&quot;put&quot;) + <i>bu</i> (&quot;thing&quot;)|||||
name|not|not|noun|noun||From Old Mampulan|||||
time|foun|foun|noun|noun||From Old Mampulan|||||
way|roun|roun|noun|noun||From Old Mampulan|||||
reason|dailan|dailan|noun|noun||From Old Mampulan|||||
count|koun|koun|noun|noun||From Old Mampulan|||||
what|dan|dan|pronoun|pronoun||From Old Mampulan|||||
who|duan|duan|pronoun|pronoun||From <i>dan</i> (&quot;what&quot;) + <i>wan</i> (&quot;person&quot;)|||||
where|dein|dein|pronoun|pronoun||From <i>dan</i> (&quot;what&quot;) + <i>pein</i> (&quot;place&quot;)|||||
when|doun|doun|pronoun|pronoun||From <i>dan</i> (&quot;what&quot;) + <i>foun</i> (&quot;time&quot;)|||||
why|danan|danan|pronoun|pronoun||From <i>dan</i> (&quot;what&quot;) + <i>dailan</i> (&quot;reason&quot;)|||||
how|dron|dron|pronoun|pronoun||From <i>dan</i> (&quot;what&quot;) + <i>roun</i> (&quot;way&quot;)|||||
how many|dankoun|dankoun|pronoun|pronoun||From <i>dan</i> (&quot;what&quot;) + <i>koun</i> (&quot;count&quot;)|||||
how much|dankoun|dankoun|pronoun|pronoun||From <i>dan</i> (&quot;what&quot;) + <i>koun</i> (&quot;count&quot;)|||||
whose|dansa|dansa|pronoun|pronoun||From <i>duan</i> (&quot;who&quot;) + <i>sa</i> (&quot;shows possession&quot;)|||||
which|dannur|dannur|pronoun|pronoun||From <i>dan</i> (&quot;who&quot;) + <i>nur</i> (&quot;part&quot;)|||||
ant|lanto|lanato|||||||||
anteater|lantokain|lantokain|||||||||
arctic fox |āktikung tuman|a-ktikuq tuman|||||||||
bear|our|our|||||||||
boa|nakana|nakana|||||||||
calf|latir|latir|||||||||
coyote|gasa|gasa|||||||||
dragon |dago|dago|||||||||
eagle|agala|agala|||||||||
elephant|ela|ela|||||||||
falcon |faloun|faloun|||||||||
fennec fox |feneku|feneku|||||||||
fly|ngau|qau|||(insect)||||||
giraffe |gira|gira|||||||||
goat |kamba|kamba|||||||||
goose|gansa|gansa|||||||||
hawk |houk|houk|||||||||
horse |ama|ama|||||||||
jaguar |jaguwar|jaguwar|||||||||
kitten|lapusan|lapusan|||(baby cat)||||||
Komodo dragon |komodo dago|komodo dago|||||||||
lion|layon|layon|||||||||
lizard |lagara|lagara|||||||||
macaque|makaka|makaka|||||||||
monkey |sar|sar|||||||||
mouse|nos|nos|||(animal)||||||
otter |atar|atar|||||||||
ox |uza|uza|||||||||
Pacific saury/ mackerel pike|samma|samma|||||||||
panda |panda|panda|||||||||
pigeon |touba|touba|||||||||
puffer fish|fugu|fugu|||||||||
puppy|lawano|lawano|||(baby dog)||||||
rabbit |une|une|||||||||
raccoon dog/tanuki|tanuki|tanuki|||||||||
sardine |sandan|sandan|||||||||
sheep|tupa|tupa|||||||||
tiger |taigā|taiga-|||||||||
turtle|ter|ter|||||||||
viper |baipar|baipar|||||||||
pig|lei|lei|noun|noun|||||||
cow|tir|tir|noun|noun||From Old Mampulan|||||
milk|miun|miun|noun|noun||From Old Mampulan|||||
rice|gai|gai|noun|noun||From Old Mampulan|||||
meat|flan|flan|noun|noun||From Old Mampulan|||||
salt|atta|atta|noun|noun|||||||
pepper|pren|pren|noun|noun|||||||
bread|pan|pan|noun|noun|||||||
coffee|kōfī|ko-fi-|noun|noun|||||||
honey|malen|malen|noun|noun|||||||
apple|mak|mak|noun|noun|||||||
orange|naran|naran|noun|noun|||||||
banana|banana|banana|noun|noun|||||||
pizza|pitsa|pitsa|noun|noun|||||||
ketchup|kecchap|keccap|noun|noun|||||||
sauce|sanas|sanas|noun|noun|||||||
soup|basau|basau|noun|noun|||||||
noodle|sunon|sunon|noun|noun|||||||
hotdog|hotdog|hotdog|noun|noun|||||||
cilantro|koriyanda|koriyanda|noun|noun|||||||
juice|hugan|hugan|noun|noun|||||||
tomato|tomato|tomato|noun|noun|||||||
fish|hisdan|hisdan|noun|noun|||||||
vegetable|lugai|lugai|noun|noun|||||||
fruit|brasan|brasan|noun|noun|||||||
bean|frol|frol|noun|noun|||||||
carrot|tarok|tarok|noun|noun|||||||
beef|tirflan|tirflan|noun|noun|||||||
pork|leiflan|leiflan|noun|noun|||||||
cereal|sirial|sirial|noun|noun|||||||
oatmeal|||noun|noun|||||||
dairy|||noun|noun|||||||
grain|||noun|noun|||||||
toast|||noun|noun|||||||
cheese|chīs|ci-s|noun|noun|||||||
butter|||noun|noun|||||||
soda|||noun|noun|||||||
tea|||noun|noun|||||||
wine|wina|wina|noun|noun|||||||
beer|||noun|noun|||||||
cream|||noun|noun|||||||
yogurt|||noun|noun|||||||
pie|pai|pai|noun|noun|||||||
chocolate|chokolat|cokolat|noun|noun|||||||
cake|keik|keik|noun|noun|||||||
cookie|kukki|kukki|noun|noun|||||||
onion|yasin|yasin|noun|noun|||||||
garlic|waban|waban|noun|noun|||||||
potato|patata|patata|noun|noun|||||||
lemon|līn|li-n|noun|noun|||||||
pea|api|api|noun|noun|||||||
egg|oun|oun|noun|noun|||||||
broccoli|brokus|brokus|noun|noun|||||||
chicken|tikasa|tikasa|noun|noun|||||||
pasta|pasta|pasta|noun|noun|||||||
|||||||||||
|||||||||||
|||||||||||
together|samaku|samaku|adverb|adverb|||||||
head|hor|hor|noun|noun||From Old Mampulan|||||
arm|frat|frat|noun|noun||From Old Mampulan|||||
leg|bintin|bintin|noun|noun||From Old Mampulan|||||
elbow|artan|artan|noun|noun||From Old Mampulan|||||
eye|mat|mat|noun|noun||From Old Mampulan|||||
mouth|bi|bi|noun|noun||From Old Mampulan|||||
face|muka|muka|noun|noun||From Old Mampulan|||||
neck|hal|hal|noun|noun||From Old Mampulan|||||
shoulder|ombor|ombor|noun|noun||From Old Mampulan|||||
chest|patrin|patrin|noun|noun||From Old Mampulan|||||
finger|songan|soqan|noun|noun||From Old Mampulan|||||
hand|shain|shain|noun|noun||From Old Mampulan|||||
foot|bes|bes|noun|noun||From Old Mampulan|||||
ankle|tobil|tobil|noun|noun||From Old Mampulan|||||
hair|bouk|bouk|noun|noun||From Old Mampulan|||||
tooth|pangan|paqan|noun|noun||From Old Mampulan|||||
tongue|hion|hion|noun|noun||From Old Mampulan|||||
wrist|karpi|karpi|noun|noun||From Old Mampulan|||||
body|tai|tai|noun|noun||From Old Mampulan|||||
fight|froun|froun|noun|noun||From Old Mampulan|||||
have|mairun|mairun|verb|run verb||From Old Mampulan|||||
go|sorun|sorun|verb|run verb||From Old Mampulan|||||
get|urun|urun|verb|run verb||From Old Mampulan|||||
make|asun|asun|verb|un verb||From Old Mampulan|||||
think|rinun|rirun|verb|un verb||From Old Mampulan|||||
take|ku-nun||verb|un verb||From Old Mampulan|||||
see|lurun|lurun|verb|run verb||From Old Mampulan|||||
come|rairun|rairun|verb|run verb||From Old Mampulan|||||
want|gusun|gusun|verb|un verb||From Old Mampulan|||||
look|lurun|lurun|verb|run verb||From Old Mampulan|||||
use|ngeirun|qeirun|verb|run verb||From Old Mampulan|||||
find|finun|finun|verb|un verb||From Old Mampulan|||||
give|girun|girun|verb|run verb||From Old Mampulan|||||
tell|tirun|tirun|verb|run verb||From Old Mampulan|||||
work|hatarun|hatarun|verb|run verb||From Old Mampulan|||||
call|yorun|yorun|verb|run verb||From Old Mampulan|||||
try|subun|subun|verb|un verb||From Old Mampulan|||||
ask|tanun|tanun|verb|un verb||From Old Mampulan|||||
need|kailun|kailun|verb|un verb||From Old Mampulan|||||
feel|mainun|mainun|verb|un verb||From Old Mampulan|||||
become|nakun|nakun|verb|un verb||From Old Mampulan|||||
leave|layun|layun|verb|un verb||From Old Mampulan|||||
mean|sigun|sigun|verb|un verb||From Old Mampulan|||||
keep|kardun|kardun|verb|un verb||From Old Mampulan|||||
let|lerun|lerun|verb|run verb||From Old Mampulan|||||
begin|hiunun|hiunun|verb|un verb||From Old Mampulan|||||
seem|parun|parun|verb|run verb||From Old Mampulan|||||
help|aitun|aitun|verb|un verb||From Old Mampulan|||||
talk|birun|birun|verb|run verb||From Old Mampulan|||||
turn|izun|izun|verb|un verb||From Old Mampulan|||||
start|hiunun|hiunun|verb|un verb||From Old Mampulan|||||
start|hiunun|hiunun|verb|un verb|(formal)|From Old Mampulan|||||
show|kirun|kirun|verb|run verb||From Old Mampulan|||||
hear|dinanun|dinanun|verb|un verb||From Old Mampulan|||||
play|purun|purun|verb|un verb|(a game, a video, movie)|From Old Mampulan|||||
play|larun|larun|verb|run verb|(an actor)|From Old Mampulan|||||
play|tugun|tugun|verb|un verb|(an instrument)|From Old Mampulan|||||
play|usurun|usurun|verb|run verb|(deceived)|From Old Mampulan|||||
like|aimun|aimun|verb|un verb||From Old Mampulan|||||
live|buirun|buirun|verb|run verb||From Old Mampulan|||||
believe|reinun|reinun|verb|un verb||From Old Mampulan|||||
hold|harun|harun|verb|run verb||From Old Mampulan|||||
bring|motun|motun|verb|un verb||From Old Mampulan|||||
happen|apun|apun|verb|un verb||From Old Mampulan|||||
provide|fonun|fonun|verb|un verb||From Old Mampulan|||||
stand|surun|surun|verb|run verb||From Old Mampulan|||||
lose|talun|talun|verb|un verb||From Old Mampulan|||||
pay|pakun|pakun|verb|un verb||From Old Mampulan|||||
meet|arun|arun|verb|run verb||From Old Mampulan|||||
include|lobsamarun|lobsamarun|verb|run verb||From <i>lob</i> (&quot;in&quot;) + <i>sama</i> (&quot;together&quot;)|||||
exclude|lassamarun|lassamarun|verb|run verb||From <i>las</i> (&quot;out&quot;) + <i>sama</i> (&quot;together&quot;)|||||
continue|konun|konun|verb|un verb||From Old Mampulan|||||
set|estun|estun|verb|un verb||From Old Mampulan|||||
learn|bosun|bosun|verb|un verb||From Old Mampulan|||||
change|henun|henun|verb|un verb||From Old Mampulan|||||
lead|kirounun|kirounun|verb|un verb||From Old Mampulan|||||
understand|adeirun|adeirun|verb|run verb||From Old Mampulan|||||
watch|wirun|wirun|verb|run verb||From Old Mampulan|||||
follow|sundun|sundun|verb|un verb||From Old Mampulan|||||
stop|shairun|shairun|verb|run verb||From Old Mampulan|||||
create|raksakurun|raksakurun|verb|run verb||From Old Mampulan|||||
speak|saltun|saltun|verb|un verb||From Old Mampulan|||||
read|dokun|dokun|verb|un verb||From Old Mampulan <i>daukun</i>|||||
allow|paigun|paigun|verb|un verb||From Old Mampulan|||||
add|jarun|jarun|verb|run verb||From Old Mampulan|||||
spend|supun|supun|verb|un verb||From Old Mampulan|||||
grow|gorun|gorun|verb|run verb||From Old Mampulan|||||
open|dosun|dosun|verb|un verb||From Old Mampulan|||||
walk|tiurun|tiurun|verb|run verb||From Old Mampulan|||||
win|wenun|wenun|verb|un verb||From Old Mampulan|||||
offer|rusanun|rusanun|verb|un verb||From Old Mampulan|||||
remember|tandun|tandun|verb|un verb||From Old Mampulan|||||
love|sairun|sairun|verb|run verb||From Old Mampulan|||||
consider|agemiunun|agemiunun|verb|un verb||From Old Mampulan|||||
appear|mitirun|mitirun|verb|run verb||From Old Mampulan|||||
buy|bairun|bairun|verb|run verb||From Old Mampulan|||||
wait|alarun|alarun|verb|run verb||From Old Mampulan|||||
serve|sābun|sābun|verb|un verb||From Old Mampulan|||||
die|dairun|dairun|verb|run verb||From Old Mampulan|||||
send|inpoyun|inpoyun|verb|un verb||From Old Mampulan|||||
expect|yorinun|yorinun|verb|un verb||From Old Mampulan|||||
build|tiarun|tiarun|verb|run verb||From Old Mampulan|||||
stay|josun|josun|verb|un verb||From Old Mampulan|||||
fall|taisun|taisun|verb|un verb||From Old Mampulan|||||
cut|jeinun|jeinun|verb|un verb||From Old Mampulan|||||
reach|alkun|alkun|verb|un verb||From Old Mampulan|||||
kill|saterun|saterun|verb|run verb||From Old Mampulan|||||
remain|zanun|zanun|verb|un verb||From Old Mampulan|||||
suggest|mitorun|mitorun|verb|run verb||From Old Mampulan|||||
raise|shounun|shounun|verb|un verb||From Old Mampulan|||||
pass|watun|watun|verb|un verb||From Old Mampulan|||||
sell|wurun|wurun|verb|run verb||From Old Mampulan|||||
require|rekurun|rekurun|verb|run verb||From Old Mampulan|||||
report|portun|portun|verb|un verb||From Old Mampulan|||||
decide|keturun|keturun|verb|run verb||From Old Mampulan|||||
pull|dukun|dukun|verb|run verb||From Old Mampulan|||||
fly|fulun|fulun|verb|un verb||From Old Mampulan|||||
push|trunun|trunun|verb|un verb||From Old Mampulan|||||
teach|turun|turun|verb|un verb||From Old Mampulan|||||
teacher|turwan|turwan|noun|noun||From <i>turun</i> (&quot;teach&quot;) + <i>wan</i> (&quot;person&quot;)|||||
otter|atar|atar|noun|noun||From Old Mampulan|||||
writer|sulwan|sulwan|noun|noun||From <i>sulun</i> (&quot;write&quot;) + <i>wan</i> (&quot;person&quot;)|||||
shake|kuinun|kuinun|verb|un verb||From Old Mampulan|||||
earthquake|donkuin|donkuin|noun|noun||From <i>don</i> (&quot;earth&quot;) + <i>kuin</i> (&quot;shake&quot;)|||||
urge|urtun|urtun|verb|un verb||From Old Mampulan|||||
urgent|urtung|urtuq|adjective|ng adjective||From <i>urtun</i> (&quot;urge&quot;)|||||
site|ret|ret|noun|noun||From Old Raccoon Mampulan|||||
situate|retun|retun|verb|un verb||From <i>ret</i> (&quot;site&quot;)|||||
situation|retunnas|retunnas|noun|noun||From <i>retun</i> (&quot;situate&quot;) + <i>-nas</i> (&quot;a nominalizing suffix&quot;)|||||
emergency|arnas|arnas|noun|noun||From Old Eagle Mampulan|||||
moon|mur|mur|noun|noun||From Old Wolf Mampulan|||||
second|napo|napo|noun|noun||From Old Mampulan|||||
minute|rama|rama|noun|noun||From Old Mampulan|||||
hour|ilan|ilan|noun|noun||From Old Mampulan|||||
day|rou|rou|noun|noun||From Old Mampulan|||||
week|sat|sat|noun|noun||From Old Mampulan|||||
month|mor|mor|noun|noun||From <i>mur</i> (&quot;ten&quot;) + <i>tiun</i> (&quot;year&quot;)|||||
year|tiun|tiun|noun|noun||From Old Mampulan|||||
decade|tedun|tedun|noun|noun||From <i>te</i> (&quot;ten&quot;) + <i>tiun</i> (&quot;year&quot;)|||||
century|chedun|cedun|noun|noun||From <i>che</i> (&quot;hundred&quot;) + <i>tiun</i> (&quot;year&quot;)|||||
millenium|tekdun|tekdun|noun|noun||From <i>teke</i> (&quot;thousand&quot;) + <i>tiun</i> (&quot;year&quot;)|||||
sun|rau|rau|||||||||
sun|fatoyō|fatoyo-|noun|noun|formal||||||
sound|rat|rat|noun|noun||From Old Raccoon Mamuplan|||||
substance|nai|nai|noun|noun||From Old Mampulan|||||
feeling|main|main|noun|noun||From Old Mampulan|||||
meaning|ngi|qi|noun|noun||From Old Mampulan|||||
book|aka|aka|noun|noun||From Old Mampulan|||||
same|hirung|hiruq|adjective|ung adjective|||||||
simultaneous|hirfoung|hirfouq|adjective|g adjective||From <i>hir</i> (&quot;same&quot;) + <i>foun</i> (&quot;time&quot;)|||||
homonym|||||||||||
homogeneity|hirnai|hirnai|noun|noun||From <i>hir</i> (&quot;same&quot;) + <i>rat</i> (&quot;substance&quot;)|||||
homogeneous|hirnaing|hirnaiq|adjective|ng adjective||From <i>hir</i> (&quot;same&quot;) + <i>rat</i> (&quot;substance&quot;)|||||
homogenize|hirnairun|hirnairun|verb|run verb||From <i>hir</i> (&quot;same&quot;) + <i>rat</i> (&quot;substance&quot;)|||||
homophone|hirrat|hirrat|noun|noun||From <i>hir</i> (&quot;same&quot;) + <i>rat</i> (&quot;sound&quot;)|||||
homograph|hirlet|hirlet|noun|noun||From <i>hir</i> (&quot;same&quot;) + <i>rat</i> (&quot;sound&quot;)|||||
sympathy|hirmain|hirmain|noun|noun||From <i>hir</i> (&quot;sam&quot;) + <i>main</i> (&quot;feeling&quot;)|||||
agreement|hirngi|hirqi|noun|noun||From <i>hir</i> (&quot;sam&quot;) + <i>ngi</i> (&quot;idea&quot;)|||||
synchronization|hirfounchen|hirfouncen|noun|noun||From <i>hir</i> (&quot;sam&quot;) + <i>foun</i> (&quot;time&quot;) + <i>chen</i> (&quot;-ization&quot;)|||||
synchronize|hirfounchenun|hirfouncenun|verb|un verb||From <i>hirfounchen</i> (&quot;synchronization&quot;)|||||
chronology|foun'ga|foun'ga|noun|noun||From <i>foun</i> (&quot;time&quot;) + <i>ga</i> (&quot;study(&quot;)|||||
chronicle|founaka|founaka|noun|noun||From <i>foun</i> (&quot;time&quot;) + <i>aka</i> (&quot;book&quot;)|"A famous chronicle in Mampulan is the ""Chronicle of the Wolves"" by Pangil."|"Kan mampulan iq sikaq founaka ni ""woun sa founaka"" mo Paqil te"|||
chronicler|founakawan|founakawan|noun|noun||foun (time) + aka (book)|Pangil is the first wolf chronicler.|Paqil ni ika'i woun founakawan te|(Fun fact!) Pangil the Wolf Legend is the oldest chronicler of the wolves.||
from|wo|wo|preposition|preposition||From Old Mampulan|||||
to|des|des|preposition|preposition||From Old Mampulan|||||
of|sa|sa|preposition|preposition|function word to show possession, identity or apposition, noun, adverb, or phrase modifier, |From Old Mampulan|||||
with|mo|mo|preposition|preposition|function word to show modality  (what object or instrument you use to do verb). |From Old Mampulan|||||
with|mei|mei|preposition|preposition|function as a co-participant with|From Old Mampulan|||||
in|kan|kan|preposition|preposition|function word to show location|From Old Mampulan|||||
to|tun|tun|preposition|preposition|function word to show causality|From Old Mampulan|||||
nail|tor|tor|noun|noun|fingernail|From Old Mampulan|||||
nail|par|par|noun|noun|construction nails|Unknown origin|||||
I|ko|ko|pronoun|pronoun||From Old Mampulan|||||
you|ro|ro|pronoun|pronoun||From Old Mampulan|||||
you|riu|riu|pronoun|pronoun||From Old Mampulan|||||
he|ye|ye|pronoun|pronoun||From Old Mampulan|||||
she|ye|ye|pronoun|pronoun||From Old Mampulan|||||
it|ta|ta|pronoun|pronoun||From Old Mampulan|||||
we|tei|tei|pronoun|pronoun||From Old Mampulan|||||
we|toi|toi|pronoun|pronoun||From Old Mampulan|||||
they|sei|sei|pronoun|pronoun||From Old Mampulan|||||
car|brun|brun|noun|noun||Probably from car onomatopoeia when a car starts or drives vroom|||||
wall|pade|pade|noun|noun||From Old Mampulan|||||
window|chima|chima|noun|noun||From Old Mampulan|||||
door|nila|nila|noun|noun||From Old Mampulan|||||
warehouse|not|not|noun|noun||From Old Mampulan|||||
garage|brunnot|brunnot|noun|noun||From <i>brun</i> (&quot;car&quot;) + <i>not</i> (&quot;warehouse&quot;)|||||
balcony|beranda|beranda|noun|noun||From <i>veranda</i>|||||
yard|wina|wina|noun|noun||From Old Mampulan|||||
harbor|osanila|osanila|noun|noun||From <i>awon sa nila</i> (&quot;door of water&quot;)|||port||
harbour|osanila|osanila|noun|noun||From <i>foun</i> (&quot;door of water&quot;)|||port||
port|osanila|osanila|noun|noun||From <i>foun</i> (&quot;door of water&quot;)|||harbor, harbour||
beauty|biu|biu|noun|noun|||||||
instinct|honlot|honlot|noun|noun||From <i>hon</i> (&quot;origin, fundamental&quot;) + <i>lot</i> (&quot;ability, skill&quot;)|||||
little|komong|komoq|adjective|ng adjective|||||||
consent|samamain|roumain|noun|noun||From <i>sama</i> (&quot;together&quot;) + <i>main</i> (&quot;feeling&quot;)|||||
a little bit|komobunak|komobunak|adverb|adverb||From <i>komo</i> (&quot;little&quot;) + <i>bu</i> (&quot;thing&quot;)|I am a little bit concerned.||||
a lot|midang|midaq|adjective|ng adjective|a large number or amount of (things, people, etc.)|From Old Mampulan <i>meituan</i>|I eat a lot of apples.|Ko ni midaq mak kainu.|many||
next|fiung|fiuq|adjective|ng adjective|||||||
next|bupusung|bupusuq|adjective|ung adjective|formal|From <i>thing</i> (&quot;bu&quot;) + <i>-post (after) </i> (&quot;pus&quot;)|||||
previous|bubing|bubiq|adjective|ung adjective|formal||||||
night|kapi|kapi|noun|noun|||||||
neat|linung|linuq|adjective|ng adjective|||||||
random|delin|delin|noun|noun||From <i>de</i> (&quot;not&quot;) + <i>lin</i> (&quot;neat&quot;)|||||
close|serung|seruq|adjective|ung adjective|near||||near||
most|sainak|sainak|adverb|adverb||From <i>sai</i> (&quot;most&quot;) + <i>-nak</i> (&quot;adverb forming suffix&quot;)|||||
fast|situng|situq|adjective|adjective||From Old Mampulan|||||
slow|surong|suroq|adjective|adjective||From Old Mampulan|||||
fast|sitnak|sitnak|adverb|adverb||From <i>situng</i> (&quot;fast&quot;)|||||
slowly|suronak|suronak|adverb|adverb||From <i>surong</i> (&quot;slow&quot;)|||||
every|maing|maiq|adverb|adverb|||||||
annually|maitiun|maitiun|adverb|adverb||From <i>mai</i> (&quot;every&quot;) + <i>tiuin</i> (&quot;year&quot;)|||||
yearly|maitiun|maitiun|adverb|adverb||From <i>mai</i> (&quot;every&quot;) + <i>tiuin</i> (&quot;year&quot;)|||||
daily|mairou|mairou|adverb|adverb||From <i>mai</i> (&quot;every&quot;) + <i>rou</i> (&quot;day&quot;)|||||
monthly|maimor|maimor|adverb|adverb||From <i>mai</i> (&quot;every&quot;) + <i>mor</i> (&quot;month&quot;)|||||
recently|saiser|saiser|adverb|adverb||From <i>sai</i> (&quot;most&quot;) + <i>ser</i> (&quot;close, near&quot;)|||||
tomorrow|bupusurou|bupusrou|adverb|adverb||From <i>bupus</i> (&quot;previous&quot;) + <i>rou</i> (&quotd;day&quot;)|||||
weekly|maisat|maisat|adverb|adverb||From <i>mai</i> (&quot;every&quot;) + <i>tiuin</i> (&quot;year&quot;)|||||
yesterday|bubinrou|bubinrou|adverb|adverb||From <i>bubin</i> (&quot;previous&quot;) + <i>tiuin</i> (&quotd;day&quot;)|||||
today|nga|qa|adverb|adverb||From Old Mampulan <i>meituan</i>|||||
tonight|ngakapi|qakapi|adverb|adverb||From <i>nga</i> (&quot;today&quot;) + <i>kapi</i> (&quot;night&quot;)|||||
word|sata|sata|noun|noun|The smallest unit of language that has a particular meaning and can be expressed by itself; the smallest discrete, meaningful unit of language.|From Old Mampulan|A dictionary is a type of book which explains the meanings of words.||||
dictionary|satāka|sata-ka|noun|noun||From <i>sata</i> (&quot;word&quot;) + <i>aka</i> (&quot;book&quot;)|A dictionary is a type of book which explains the meanings of words.||||
train|dukbrun|dukbrun|noun|noun||From <i>duk</i> (&quot;pull&quot;) + <i>brun</i> (&quot;car&quot;)|||||
station|sunas|sunas|noun|noun||From <i>su</i> (&quot;stand&quot;) + <i>-nas</i> (&quot;nominalizer&quot;)|||||
train station|dukbrun sa sunas|dukbrun sa sunas|noun|noun||From <i>dukbrun</i> (&quot;train&quot;) + <i>sunas</i> (&quot;station&quot;)|||||
bus|bas|bas|noun|noun||From <i>bus</i>|||||
bus stop|bas sa sunas|bas sa sunas|noun|noun||From <i>bas</i> (&quot;bus&quot;) + <i>sunas</i> (&quot;station&quot;)|||||
pole|pou|pou|noun|noun||From Old Mampulan|||||
disturb|damarun|damarun|verb|run verb||From Old Mampulan|||||
sad|lungung|luquq|adjective|ng adjective||From Old Mampulan|||||
good|yong|yoq|adjective|ung adjective||From Old Mampulan|||||
morning|alo|alo|noun|noun||From Old Mampulan|||||
afternoon|laso|laso|noun|noun||From Old Mampulan|||||
night|kapi|kapi|noun|noun||From Old Mampulan|||||
grace|onen|onen|noun|noun||From Old Mampulan|||||
difficulty|mos|mos|noun|noun||From Old Mampulan|||||
good morning|biung alo|biuq alo|expression|expression||From <i>biung</i> (&quot;beautiful&quot;) + <i>alo</i> (&quot;morning&quot;)|||||
good afternoon|biung laso|biuq laso|expression|expression||From <i>biung</i> (&quot;beautiful&quot;) + <i>laso</i> (&quot;afternoon&quot;)|||||
good night|biung kapi|biuq kapi|expression|expression||From <i>biung</i> (&quot;beautiful&quot;) + <i>kapi</i> (&quot;night&quot;)|||||
thank you|môsurun|mo^sorun|expression|expression||From <i>mos nourun</i> (&quot;I understand the difficulty&quot;)|||||
sorry|papalungung|papalungung|expression|expression||Literally <i>It makes one sad.</i>|||I'm sorry||
I'm sorry|papalungung|papalungung|expression|expression||Literally <i>It makes one sad.</i>|||sorry||
excuse me|kodamarun|kodamarun|expression|expression||From <i>ko</i> (&quot;I&quot;) + <i>damarun</i> (&quot;disturb&quot;)|||||
how are you|ro dron yaru|ro dron yaru|expression|expression||From <i>ro</i> (&quot;you&quot;) + <i>dron</i> (&quot;how&quot;) + <i>yaru</i> (&quot;do&quot;). Literally <i>How do you do?</i>|||||
congratulations|onenggirun|oneqgirun|expression|expression||From <i>onen</i> (&quot;grace&quot;) + <i>girun</i> (&quot;give&quot;)|||||
nice to meet you|yongarun|yongarun|expression|expression||From <i>good</i> (&quot;good&quot;) + <i>meet</i> (&quot;give&quot;)|||||
welcome|yongrai|yongrai|expression|expression||From <i>good</i> (&quot;good&quot;) + <i>meet</i> (&quot;give&quot;)|||||
this|atong|atong|adjective|ng adjective||From Old Mampulan|||||
that|osang|osang|adjective|ng adjective||From Old Mampulan|||||
these|yatong|yatong|adjective|ng adjective||From Old Mampulan|||||
those|yosang|yosang|adjective|ng adjective||From Old Mampulan|||||
this|ato|ato|pronoun|pronoun||From Old Mampulan|||||
that|osa|osa|pronoun|pronoun||From Old Mampulan|||||
these|yato|yato|pronoun|pronoun||From Old Mampulan|||||
those|yosa|yosa|pronoun|pronoun||From Old Mampulan|||||
here|atein|atein|pronoun|pronoun||From Old Mampulan|||||
there|otein|otein|pronoun|pronoun||From Old Mampulan|||||
bard|fenema|fenema|noun|noun||From Old Eagle Mampulan <i>fenema</i>|||||
lodge|shuk|xuk|noun|noun|A building for recreational use such as a hunting lodge or a summer cabin.||||||
inn|shukpein|xukpein|noun|noun|Any establishment where travellers can procure lodging, food, and drink.|From <i>shuk</i> (&quot;lodge&quot;) + <i>pein</i> (&quot;place&quot;)|||||
store|baipein|baipein|noun|noun|A place where items may be purchased.|From <i>bairun</i> (&quot;buy&quot;) + <i>pein</i> (&quot;place&quot;)|||||
shop|baipein|baipein|noun|noun|A place where items may be purchased.|From <i>bairun</i> (&quot;buy&quot;) + <i>pein</i> (&quot;place&quot;)|||||
tavern|winashukpein|wino-sonpein|noun|noun|A building containing a bar licensed to sell alcoholic drinks, and offering sleeping accommodations for travelers. |wina + osonpein|||||
almost|serlatnak|serlatnak|adverb|adverb|Very close to, but not quite.|From <i>ser</i> (&quot;near&quot;) + <i>lat</i> (&quot;all&quot;) + <i>nak</i> (&quot;adverb-forming suffix&quot;)|||||
there are|merun|merun|verb|run verb|The specified thing exists, physically or abstractly.|Old Mampulan <i>meiroun</i>|||||
there be|merun|merun|verb|run verb|The specified thing exists, physically or abstractly.|Old Mampulan <i>meiroun</i>|||||
there is|merun|merun|verb|run verb|The specified thing exists, physically or abstractly.|Old Mampulan <i>meiroun</i>|||||
course|ka|ka|noun|noun|course (of study), branch of study|Old Mampulan|||||
science|kaga|kaga|noun|noun||From <i>ka</i> (&quot;department, section&quot;) + <i>ga</i> (&quot;study&quot;)|||||
math|bilga|bilga|noun|noun|An abstract representational system studying numbers, shapes, structures, quantitative change and relationships between them. |From <i>bil</i> (&quot;number&quot;) + <i>ga</i> (&quot;study&quot;)|||||
a lot|mitang|mitaq|adjective|ng adjective|a large number or amount of (things, people, etc.)|From Old Mampulan <i>meituan</i>|||many||
many|mitang|mitaq|adjective|ng adjective|a large number or amount of (things, people, etc.)|From Old Mampulan <i>meituan</i>|||a lot||
machine|ki|ki|noun|noun||From Old Mampulan|||||
air temperature|her sa ondo|her sa ondo|noun|noun|(formal)|her (air) + ondo (temperature)|||||
airplane|fulki|fulki|noun|noun||From <i>ful</i> (&quot;to fly&quot;) + <i>ki</i> (&quot;machine&quot;)|||||
soar|neinun|neinun|verb|un verb||From Old Mampulan|||||
important|hefigung|hefigung|adjective|ung adjective|Having relevant and crucial value.|From Old Fox Mampulan|||||
dream|panan|panan|noun|noun||From Old Mampulan|||||
nightmare|haitpanan|haitpanan|noun|noun||From <i>hait</i> (&quot;bad&quot;) + <i>panan</i> (&quot;dream&quot;)|||||
story|dasata|dasata|noun|noun||From Old Mampulan daukun (read) + sata (word) to daksata|||||
lean|taikarun|taikarun|verb|run verb|||||||
tendency|taikurunnas|taikurunnas|noun|noun||From <i>taikurun</i> (&quot;to lean&quot;) + <i>nas</i> (&quot;nominalizing suffix&quot;)|||||
frequency|prok|prok|noun|noun||From Old Mampulan|||||
frequent|prokung|proknuq|adjective|ung adjective||From <i>prok</i> (&quot;frequency&quot;) + <i>-ung</i> (&quot;adjective-forming suffix&quot;)|||||
frequently|proknak|proknak|adverb|adverb||From <i>prok</i> (&quot;frequency&quot;) + <i>-nak</i> (&quot;adverb-forming suffix&quot;)|||||
inspection|pron|pron|noun|noun||From Old Mampulan|||||
vehicle inspection|brunpron|brunpron|noun|noun||From <i>brun</i> (&quot;car&quot;) + <i>pron</i> (&quot;inspection&quot;)|||||
visit|yaitun|yaitun|verb|un verb||From Old Mampulan|||||
half|git|git|noun|noun||From Old Mampulan|||||
island|ait|ait|noun|noun|||||||
peninsula|gitait|gitait|noun|noun||From <i>git</i> (&quot;half&quot;) + <i>ait</i> (&quot;island&quot;)|||||
sack|kason|kason|noun|noun||From Old Mampulan|||||
salty|attang|attaq|adjective|ng adjective||From <i>atta</i> (&quot;salt&quot;)|||||
disease|kasin|kasin|noun|noun|||||||
sick|kasing|kasiq|adjective|g adjective||From <i>kasin</i> (&quot;disease&quot;)|||||
ship|pun|pun|noun|noun|||||||
shoe|shū|xu-|noun|noun|||||||
dragon|kragan|kragan|noun|noun|Dragons are mighty and great|From the character &quot;Karanagan&quot; on the Mampulan Epic &quot;karanagan&quot;|||thanks sjru||
son|adon|adon|noun|noun|||||||
daughter|isan|isan|noun|noun|||||||
child|lopon|lopon|noun|noun||From Old Wolf Language|||||
cape|mekain|mekain|noun|noun|(geography) A piece or point of land, extending beyond the adjacent coast into a sea or lake|From Old Mampulan|||||
ball|bano|bano|noun|noun||From Rabbit Language|||||
mountain|woren|woren|noun|noun||From <i>woun</i> (&quot;wolf&quot;) + <i>orena</i> (&quot;ear&quot;). Possibly named because of similarity of wolf ear to shape of mountains|||||
bran|tuno|tuno|noun|noun||From Old Rabbit Language|||||
conflagration|||||||||thanks to kit||
target|kitan|kitan|noun|noun|||||||
destination|dêskitan|de^skitan|noun|noun|the place at the end of a journey|From <i>des</i> (&quot;to&quot;) + <i>kitan</i> (&quot;targer&quot;)|||||
duck|saner|saner|noun|noun||From Old Turtle Mampulan|||||
sing|naikun|naikun|verb|un verb||From Old Mampulan|||||
song|naik|naikun|noun|noun||From Old Mampulan|||||
idea|nal|nal|noun|noun||From Old Rabbit Language|||||
feminism|narannal|narannal|noun|noun||From <i>naran</i> (&quot;woman&quot;) + <i>nal</i> (&quot;idea&quot;)|||thanks to lilian||
feminist|narannalwan|narannalwan|noun|noun||From <i>narannal</i> (&quot;feminism&quot;) + <i>wan</i> (&quot;person&quot;)|||||
pronunciation|bakrat|bakrat|noun|noun||From <i>bak</i> (&quot;emission&quot;) + <i>rat</i> (&quot;sound&quot;)|||||
pronounce|bakratun|bakratun|verb|un verb||From <i>bakrat</i> (&quot;pronunciation&quot;)|||||
introduction|deskiroun|deskiroun|noun|noun||From <i>des kirounun</i> (&quot;lead into&quot;)|||||
introduce|deskirounun|deskirounun|verb|un verb||From <i>deskirounun</i> (&quot;introduction&quot;)|||||
perception|nouprut|nouprut|noun|noun||From <i>nou</i> (&quot;know&quot;) + <i>prut</i> (&quot;perception&quot;)|||||
rain|ral|ral|noun|noun|||||||
drop|bren|bren|noun|noun|||||||
raindrop|ralbren|ralbren|noun|noun||From <i>ral</i> (&quot;rain&quot;) + <i>bren</i> (&quot;drop&quot;)|||||
snow|naun|naun|noun|noun||From Old Bear Language|||||
rudder|himo|himo|noun|noun||From Old Bear Language|||||
steer|souhimorun|souhimorun|verb|run verb|steer a ship|From <i>sou</i> (&quot;rain&quot;) + <i>himo</i> (&quot;rudder&quot;)|||||
collaboration|mêihata|me^ihata|noun|noun||From <i>mei</i> (&quot;with&quot;) + <i>hata</i> (&quot;work&quot;)|||||
be raised|ikun|ikun|verb|un verb||From Old Mampulan|||be brought up, grow||
be brought up|ikun|ikun|verb|un verb||From Old Mampulan|||be raised, grow||
grow|ikun|ikun|verb|un verb|grow up|From Old Mampulan|||be raised, be brought up||
education|turik|turik|noun|noun||From <i>tur</i> (&quot;teach&quot;) + <i>ik</i> (&quot;growing up&quot;)|||||
cause|intin|intin|noun|noun||From Old Mampulan <i>hintein</i>|||||
the|-|-|article|article|no equivalent in Mampulan||||||
a|ing|ing||||From <i>i</i> (&quot;one&quot;)|||||
not|di|di|adverb|adverb||From Old Mampulan|||||
if|fi|fi|conjunction|conjunction||From Old Mampulan|||||
then|zen|zen||||From Old Mampulan|||||
border|wasa|wasa|noun|noun||From Old Mampulan|||||
limit|shen|xen|noun|noun||From Old Mampulan|||||
time limit|founshen|founshen|noun|noun||From <i>foun</i> (&quot;time&quot;) + <i>shen</i> (&quot;limit&quot;)|||||
me|ko|ko|pronoun|pronoun|||||||
because|montin|||||mo + intin|||||
bay|bait|bait|noun|noun||From Old Mampulan|||||
news|pir|||||From Old Mampulan|||||
breaking news|sitpir|||||From <i>sit</i> (&quot;fast&quot;) + <i>pir</i> (&quot;news&quot;)|||||
